date,ttf_price_eur_mwh,volume,storage_pct_full,storage_twh
2026-03-23,56.68299865722656,53.0,,
2026-03-24,54.04100036621094,8.0,,
2026-03-25,52.816001892089844,110.0,,
2026-03-26,55.21799850463867,190.0,,
2026-03-27,54.176998138427734,86.0,28.15,321.5738
2026-03-28,,,28.13,321.0274
2026-03-29,,,28.1,321.107
2026-03-30,54.81399917602539,20.0,27.98,319.6875
2026-03-31,50.75699996948242,19.0,27.62,313.7922
2026-04-01,47.5099983215332,108.0,27.89,316.1464
2026-04-02,50.04399871826172,0.0,27.88,315.6317
2026-04-03,,,27.93,316.2059
2026-04-04,,,28.15,318.6326
2026-04-05,,,28.38,321.3078
2026-04-06,50.04399871826172,0.0,28.58,323.5249
2026-04-07,53.24700164794922,95.0,28.74,325.3243
2026-04-08,45.30099868774414,58.0,28.89,327.014
2026-04-09,46.17499923706055,48.0,29.01,328.539
2026-04-10,43.63800048828125,54.0,29.14,329.9205
2026-04-11,,,29.36,332.4353
2026-04-12,,,29.5,333.9792
2026-04-13,46.41299819946289,51.0,29.52,334.2243
2026-04-14,43.3650016784668,56.0,29.51,334.1328
2026-04-15,41.39899826049805,1.0,29.55,334.7714
2026-04-16,42.422000885009766,379.0,29.7,336.4578
2026-04-17,38.76900100708008,46.0,29.92,338.9122
2026-04-18,,,30.2,342.0918
2026-04-19,,,30.46,345.0441
2026-04-20,40.29199981689453,194.0,30.61,346.7528
2026-04-21,41.930999755859375,39.0,30.71,347.8268
2026-04-22,43.551998138427734,62.0,30.82,349.1441
2026-04-23,44.49599838256836,18.0,30.95,350.6005
2026-04-24,44.861000061035156,189.0,31.19,353.2082
2026-04-25,,,31.47,356.4516
2026-04-26,,,31.75,359.6138
2026-04-27,44.645999908447266,66.0,31.97,362.1243
2026-04-28,43.59400177001953,93.0,32.23,365.0716
2026-04-29,46.85300064086914,5.0,32.49,367.9275
2026-04-30,45.98699951171875,14.0,32.73,370.7137
2026-05-01,45.76599884033203,344.0,33.06,374.3047
2026-05-02,,,33.43,378.4168
2026-05-03,,,33.78,382.4172
2026-05-04,48.143001556396484,86.0,34.05,385.5517
2026-05-05,46.92599868774414,29.0,34.24,387.6695
2026-05-06,43.902000427246094,19.0,34.38,389.2507
2026-05-07,43.56100082397461,31.0,34.5,390.5793
2026-05-08,44.143001556396484,39.0,34.73,393.1524
2026-05-09,,,35.04,396.5856
2026-05-10,,,35.35,400.0892
2026-05-11,46.233001708984375,27.0,35.56,402.5463
2026-05-12,46.683998107910156,3.0,35.71,404.1957
2026-05-13,46.91999816894531,21.0,35.83,405.5868
2026-05-14,47.654998779296875,27.0,35.98,407.3007
2026-05-15,50.16699981689453,1.0,36.14,409.0593
2026-05-16,,,36.34,411.3285
2026-05-17,,,36.56,413.7895
2026-05-18,50.25,254.0,36.72,415.6689
2026-05-19,51.816001892089844,32.0,36.87,417.3713
2026-05-20,49.42499923706055,114.0,36.99,418.6346
2026-05-21,49.40800094604492,94.0,37.18,420.8071
2026-05-22,48.68299865722656,45.0,37.45,423.8875
2026-05-23,,,37.83,428.1555
2026-05-24,,,38.21,432.5348
2026-05-25,,,38.52,435.8617
2026-05-26,47.47200012207031,94.0,38.83,439.2978
2026-05-27,46.41299819946289,144.0,39.13,442.7626
2026-05-28,46.92100143432617,8.0,39.42,445.9829
2026-05-29,46.000999450683594,2.0,39.73,449.5794
2026-05-30,,,40.09,453.5937
2026-05-31,,,40.47,457.9534
2026-06-01,49.09000015258789,22.0,40.76,461.182
2026-06-02,47.606998443603516,27.0,41.03,464.1877
2026-06-03,48.86399841308594,151.0,41.25,466.7315
2026-06-04,48.75199890136719,10.0,41.53,469.8594
2026-06-05,48.49599838256836,0.0,41.79,472.7917
2026-06-06,,,42.13,476.638
2026-06-07,,,42.48,480.6597
2026-06-08,49.82600021362305,0.0,42.79,484.1785
2026-06-09,48.74399948120117,101.0,43.09,487.5966
2026-06-10,49.98899841308594,40.0,43.36,490.5758
2026-06-11,49.689998626708984,64.0,43.59,493.2227
2026-06-12,46.77299880981445,709.0,43.91,496.7855
2026-06-13,,,44.34,501.2415
2026-06-14,,,44.72,505.5306
2026-06-15,42.50699996948242,152.0,45.03,509.032
2026-06-16,41.76900100708008,222.0,45.29,512.0382
2026-06-17,41.915000915527344,126.0,45.56,515.0691
2026-06-18,40.52299880981445,88.0,45.82,517.9723
2026-06-19,,,46.1,521.1504
2026-06-20,,,46.41,524.6597
2026-06-21,,,46.73,528.2327
2026-06-22,41.887001037597656,335.0,46.98,531.0823
2026-06-23,42.013999938964844,89.0,47.21,533.6936
2026-06-24,40.875999450683594,20.0,47.44,536.2713
2026-06-25,40.404998779296875,63.0,47.7,539.2202
2026-06-26,40.78200149536133,191.0,47.98,542.3953
2026-06-27,,,48.31,546.1231
2026-06-28,,,48.63,549.7848
2026-06-29,42.564998626708984,64.0,48.87,552.4998
2026-06-30,43.444000244140625,82.0,49.09,554.9405
2026-07-01,42.77899932861328,29.0,49.24,556.6692
2026-07-02,44.01499938964844,55.0,49.47,559.2822
2026-07-03,,,49.72,562.1145
2026-07-04,,,50.05,565.776
2026-07-05,,,50.37,569.42
2026-07-06,44.13100051879883,63.0,50.64,572.4729
2026-07-07,46.57600021362305,7.0,50.89,575.3388
2026-07-08,49.02199935913086,136.0,51.11,577.8095
2026-07-09,50.10200119018555,56.0,51.32,580.1716
2026-07-10,48.654998779296875,45.0,51.53,582.57
2026-07-11,,,51.87,586.4139
2026-07-12,,,52.24,590.547
2026-07-13,51.275001525878906,27.0,52.52,593.7819
2026-07-14,52.95899963378906,26.0,52.77,596.6046
2026-07-15,54.35300064086914,14.0,53.0,598.991
2026-07-16,54.78499984741211,24.0,53.15,600.7477
2026-07-17,57.39500045776367,61.0,53.37,603.1366
2026-07-18,,,53.68,606.6425
2026-07-19,,,54.0,610.2775
2026-07-20,58.742000579833984,27.0,54.2,612.6144
2026-07-21,59.66299819946289,27.0,54.38,614.62
2026-07-22,62.5369987487793,11.0,54.61,617.1709
2026-07-23,61.89799880981445,14.0,54.82,619.5878
2026-07-24,63.57500076293945,202.0,55.06,622.3395
2026-07-25,,,55.35,625.552
2026-07-26,,,55.67,629.1458
2026-07-27,58.25299835205078,128.0,55.91,631.9298
2026-07-28,57.73699951171875,145.0,56.15,634.6094
2026-07-29,60.41999816894531,85.0,56.39,637.3745
2026-07-30,58.180999755859375,50.0,56.63,640.0586
2026-07-31,59.07099914550781,72.0,56.86,642.5951
2026-08-01,,,57.09,645.1964
2026-08-02,,,57.41,648.846
2026-08-03,57.505001068115234,333.0,57.64,651.4472
2026-08-04,55.92100143432617,1242.0,57.85,653.7885
2026-08-05,52.40399932861328,363.0,58.07,656.3631
2026-08-06,55.76900100708008,352.0,58.3,658.9013
2026-08-07,55.54399871826172,601.0,58.53,661.5031
2026-08-08,,,58.82,664.7377
2026-08-09,,,59.1,667.9826
2026-08-10,60.79800033569336,812.0,59.37,671.0601
2026-08-11,58.73500061035156,465.0,59.63,673.9982
2026-08-12,61.020999908447266,674.0,59.9,676.9809
2026-08-13,60.400001525878906,532.0,60.16,679.9658
2026-08-14,61.42399978637695,402.0,60.44,683.1046
2026-08-15,,,60.79,687.1025
2026-08-16,,,61.13,690.8792
2026-08-17,61.75699996948242,693.0,61.37,693.6261
2026-08-18,63.645999908447266,743.0,61.6,696.2603
2026-08-19,63.38100051879883,243.0,61.81,698.6291
2026-08-20,65.29499816894531,348.0,62.04,701.1761
2026-08-21,65.86499786376953,452.0,62.32,704.3223
2026-08-22,,,62.64,708.0253
2026-08-23,,,62.99,711.918
2026-08-24,68.31999969482422,239.0,63.28,715.222
2026-08-25,66.58799743652344,104.0,63.55,718.2532
2026-08-26,65.6259994506836,83.0,63.81,721.206
2026-08-27,68.09500122070312,138.0,64.09,724.3344
2026-08-28,66.97899627685547,930.0,64.38,727.6221
2026-08-29,,,64.74,731.6939
2026-08-30,,,65.1,735.8042
2026-08-31,69.80899810791016,123.0,65.4,739.1512
2026-09-01,72.21800231933594,570.0,65.62,741.9144
2026-09-02,73.63400268554688,268.0,65.83,744.3079
2026-09-03,71.80999755859375,505.0,66.07,746.9679
2026-09-04,71.9520034790039,0.0,66.35,750.1313
2026-09-05,,,66.59,753.5135
2026-09-06,,,66.91,757.161
2026-09-07,,,67.14,759.7125
2026-09-08,75.84100341796875,1397.0,67.35,762.0742
2026-09-09,79.24600219726562,368.0,67.52,764.0719
2026-09-10,82.0469970703125,138.0,67.66,765.5815
2026-09-11,79.5199966430664,180.0,67.78,766.952
2026-09-12,,,68.04,769.871
2026-09-13,,,68.3,772.8977
2026-09-14,82.56600189208984,105.0,68.49,775.0009
2026-09-15,80.05999755859375,142.0,68.66,776.9113
2026-09-16,78.02999877929688,159.0,68.84,778.9833
2026-09-17,76.35199737548828,134.0,69.06,781.5004
2026-09-18,79.51799774169922,85.0,69.31,784.2459
2026-09-19,,,69.62,787.821
2026-09-20,,,69.94,791.4558
2026-09-21,73.25299835205078,838.0,70.14,793.6866
2026-09-22,73.33999633789062,838.0,70.24,794.8388
2026-09-23,73.91500091552734,96.0,70.34,795.9428
